"","Palabra","Puntuacion"
"1","",-2
"2","a bordo",1
"3","abandona",-2
"4","abandonado",-2
"5","abandonar",-2
"6","abatido",-2
"7","aborrece",-3
"8","aborrecer",-3
"9","aborrecible",-3
"10","aborrecido",-3
"11","abrazo",2
"12","abrazos",2
"13","abriga",2
"14","absolver",2
"15","absolviendo",2
"16","absorbido",1
"17","absorto",1
"18","absueltos",2
"19","absuelve",2
"20","aburrido",-2
"21","aburrir",-2
"22","abusado",-3
"23","abusivo",-3
"24","abuso",-3
"25","abusos",-3
"26","acaparador",-2
"27","acaparamiento",-2
"28","accidental",-2
"29","accidentalmente",-2
"30","accidente",-2
"31","accidentes",-2
"32","acepta",1
"33","aceptado",0
"34","aceptar",1
"35","aclamaciones",2
"36","aclara",2
"37","acosado",-2
"38","acoso",-2
"39","activo",2
"40","acuchillado",-2
"41","acuerdo",1
"42","acusa",-2
"43","acusación",-2
"44","acusaciones",-2
"45","acusado",-2
"46","acusando",-2
"47","acusar",-2
"48","adecuado",1
"49","admira",3
"50","admirar",3
"51","admirativo",3
"52","admite",-1
"53","admitir",-1
"54","adoctrina",-2
"55","adoctrinados",-2
"56","adoctrinar",-2
"57","adopta",1
"58","adoptar",1
"59","adora",3
"60","adorable",3
"61","adorado",3
"62","adorar",3
"63","advertencia",-3
"64","advertencias",-3
"65","advertir",-2
"66","advierte",-2
"67","afable",2
"68","afectado",-1
"69","afecto",3
"70","aficionado",2
"71","afilado",1
"72","afirmativamente",2
"73","afligido",-2
"74","afortunado",2
"75","afrentado",-1
"76","agobiados",-2
"77","agoniza",-3
"78","agonizado",-3
"79","agonizante",-3
"80","agonizar",-3
"81","agotado",-2
"82","agradable",2
"83","agradecido",2
"84","agrava",-2
"85","agravado",-2
"86","agravante",-2
"87","agravar",-2
"88","agresión",-2
"89","agresiones",-2
"90","agresivo",-2
"91","agresor",-1
"92","aguante",2
"93","ahogar",-2
"94","ahogo",-2
"95","ahogue",-2
"96","airado",-3
"97","aislado",-1
"98","ajuste",1
"99","alabado",3
"100","alabando",3
"101","alabanza",3
"102","alabanzas",3
"103","alarma",-2
"104","alarmado",-2
"105","alarmista",-2
"106","alarmistas",-2
"107","alboroto",-2
"108","alcances",1
"109","alcanzado",1
"110","alcanzar",1
"111","aleccionadora",1
"112","alegrarse",4
"113","alegre",2
"114","alegremente",3
"115","alegría",3
"116","alentado",2
"117","alentar",2
"118","alérgico",-2
"119","alerta",-1
"120","alfombrilla de ratón",-1
"121","algún tipo",0
"122","alicaído",-2
"123","alienación",-2
"124","alienta",2
"125","aliviado",2
"126","aliviar",1
"127","amable",3
"128","amado",3
"129","amargado",-2
"130","amargamente",-2
"131","amargo",-2
"132","ambicioso",2
"133","ambivalente",-1
"134","amenaza",-2
"135","amenazado",-2
"136","amenazados",-2
"137","amenazante",-2
"138","amenazar",-2
"139","amenazas",-2
"140","amistoso",2
"141","amonestado",-2
"142","amonestar",-2
"143","amontonar",-1
"144","amor",3
"145","amordazado",-2
"146","amoroso",2
"147","ampliar",1
"148","analfabetismo",-2
"149","Angers",-3
"150","angustia",-2
"151","angustiado",-3
"152","angustias",-2
"153","angustioso",-2
"154","anhelo",1
"155","animado",2
"156","animar",2
"157","ánimo",2
"158","animosidad",-2
"159","ansia",-1
"160","ansiedad",-2
"161","ansioso",0
"162","antagonista",-2
"163","anti",-1
"164","anticipación",1
"165","apaciguado",2
"166","apaciguamiento",2
"167","apaciguar",2
"168","aparejado",-1
"169","aparejo",-1
"170","apasionado",2
"171","apatía",-3
"172","apático",-3
"173","apenado",-2
"174","apeshit",-3
"175","aplaca",2
"176","aplasta",-1
"177","aplastada",-2
"178","aplastante",-1
"179","aplastar",-1
"180","aplaude",2
"181","aplaudida",2
"182","aplaudiendo",2
"183","aplaudir",2
"184","aplausos",2
"185","aplazar",-1
"186","apocalíptico",-2
"187","apoyo",2
"188","aprecia",2
"189","apreciación",2
"190","apreciado",0
"191","apreciando",2
"192","apreciar",2
"193","aprensivo",-2
"194","aprobación",2
"195","aprobado",2
"196","aprueba",2
"197","aptitud",1
"198","ardiente",1
"199","arrastra",-1
"200","arrastrado",-1
"201","arrastrar",-1
"202","arreglado",-1
"203","arrepentido",-2
"204","arrepentimientos",-2
"205","arrestar",-2
"206","arrinconado",-2
"207","arrogante",-2
"208","arruinado",-2
"209","arruinando",-2
"210","asco",-3
"211","asegura",2
"212","asegurado",2
"213","asegurando",1
"214","asegurar",1
"215","asesinato",-3
"216","asesinatos",-2
"217","asesino",-2
"218","asfixia",-2
"219","asombra",3
"220","asombrado",2
"221","asombrar",3
"222","asombro",2
"223","asombroso",4
"224","asqueroso",-3
"225","assfucking",-4
"226","astucia",-2
"227","astuto",-2
"228","asuntos",1
"229","asustadizo",-1
"230","asustado",-2
"231","atacado",-1
"232","ataque",-1
"233","ataques",-1
"234","atascado",-2
"235","aterrado",-2
"236","aterrador",-3
"237","aterroriza",-3
"238","aterrorizado",-3
"239","aterrorizar",-3
"240","atornillado",-2
"241","atracción",2
"242","atracciones",2
"243","atractivo",2
"244","atrae",1
"245","atraer",1
"246","atraído",1
"247","atrapado",-2
"248","atrayendo",2
"249","atrevido",2
"250","atropello",-3
"251","aturdido",-2
"252","audaz",2
"253","aumenta",1
"254","aumentado",1
"255","aumentar",1
"256","ausencia",-2
"257","ausente",-1
"258","ausentes",-1
"259","autoengañada",-2
"260","autor",-2
"261","autores",-2
"262","autoridad",1
"263","avanzado",1
"264","aventuras",2
"265","aventurero",2
"266","avergonzado",-2
"267","avergonzar",-2
"268","aversión",-3
"269","ávido",2
"270","axed",-1
"271","Ay",-1
"272","ayuda",2
"273","Bamboozles",-2
"274","bancadas",-2
"275","bankster",-3
"276","barra oblicua",-2
"277","barras",-2
"278","barrera",-2
"279","Bastardo",-5
"280","bastardos",-5
"281","batalla",-1
"282","batallas",-1
"283","beatífico",3
"284","bellezas",3
"285","bendecir",2
"286","bendice",2
"287","bendición",4
"288","beneficiado",2
"289","beneficiando",2
"290","beneficio",2
"291","beneficios",2
"292","bereaves",-2
"293","bereaving",-2
"294","Beso",2
"295","bienes",2
"296","bienvenida",2
"297","Bienvenido",2
"298","bloquear",-1
"299","bloqueo",-1
"300","bloques",-1
"301","boicoteado",-2
"302","boicoteando",-2
"303","boicotear",-2
"304","boicots",-2
"305","bomba",-1
"306","bondad",3
"307","bonita",1
"308","bonito",3
"309","borra",1
"310","borracho",-2
"311","borroso",-2
"312","boyante",2
"313","brillante",2
"314","brillar",3
"315","brillo",1
"316","broma",2
"317","bruto",-2
"318","bueno",3
"319","buque insignia",2
"320","bureado",-2
"321","burla",-2
"322","burlado",-2
"323","burlarse de",-2
"324","burlón",-2
"325","burro",-4
"326","cabezas de turco",-2
"327","cabildeo",-2
"328","cabizbajo",-2
"329","Cabron",-4
"330","Cabrón",-3
"331","cadáver",-1
"332","cagado",-3
"333","caído",-2
"334","caído en desgracia",-2
"335","calambre",-1
"336","calentar",1
"337","calma",2
"338","calmado",2
"339","calmante",2
"340","calmar",3
"341","calor",2
"342","cancela",-1
"343","cancelado",-1
"344","cancelar",-1
"345","cáncer",-1
"346","candidez",-2
"347","cansado",-2
"348","caos",-2
"349","caótico",-2
"350","capacidad",2
"351","capaz",1
"352","caprichoso",1
"353","carcajadas",-2
"354","carga",-2
"355","cargado",-3
"356","cargas",-2
"357","cargos",-2
"358","cariño",2
"359","cariñoso",3
"360","caro",3
"361","Caso omiso",-2
"362","castiga",-2
"363","castigado",-2
"364","castigadora",-3
"365","castigar",-2
"366","catástrofe",-3
"367","catastrófico",-4
"368","cauteloso",-1
"369","cautivado",3
"370","cautivar",3
"371","celebra",3
"372","celebrado",3
"373","celebrando",3
"374","celebrar",3
"375","celestial",4
"376","celos",-1
"377","celoso",0
"378","censores",-2
"379","censurado",-2
"380","censurar",-2
"381","ceñudo",-1
"382","cernía",-1
"383","cerveza negra",2
"384","chagrined",-2
"385","chiflado por",2
"386","chispa",1
"387","chistes",2
"388","chistoso",2
"389","chivo expiatorio",-2
"390","chocante",-2
"391","chocar",-1
"392","choque",-2
"393","choques",-2
"394","chupa",-3
"395","chupar",-3
"396","ciego",-1
"397","cielo",2
"398","cierto",2
"399","cínico",-2
"400","cinismo",-2
"401","claramente",1
"402","claridad",2
"403","claro",1
"404","coaccionado",-2
"405","cobarde",-2
"406","cobardemente",-2
"407","cobrar",-2
"408","Cocksuckers",-5
"409","codicia",-3
"410","codicioso",-2
"411","cojo",-2
"412","colapsado",-2
"413","colapso",-2
"414","colapsos",-2
"415","colérico",-3
"416","colisión",-2
"417","colisiona",-1
"418","colisionando",-1
"419","colisiones",-2
"420","colusión",-3
"421","combate",-1
"422","combates",-1
"423","comedia",1
"424","cometer",1
"425","comodidad",2
"426","comodidades",2
"427","cómodo",2
"428","compadecimos",-1
"429","Comparte",1
"430","compartido",1
"431","compartir",1
"432","compasivo",2
"433","competente",2
"434","competitivo",2
"435","complacencia",2
"436","comprometido",1
"437","comprometiéndose",1
"438","compromiso",2
"439","con toda tranquilidad",2
"440","conceder",1
"441","concedido",1
"442","concesión",1
"443","concilia",2
"444","conciliado",2
"445","conciliando",2
"446","conciliar",2
"447","condena",-2
"448","condenación",-2
"449","condenado",-2
"450","condenar",-2
"451","confiado",2
"452","confianza",2
"453","confidente",2
"454","conflictiva",-2
"455","conflicto",-2
"456","conflictos",-2
"457","confundir",-2
"458","confuso",-2
"459","conmocionado",-2
"460","consentimiento",2
"461","consentimientos",2
"462","consolable",2
"463","consolador",2
"464","conspiración",-3
"465","consternados",-2
"466","constreñido",-2
"467","consumado",2
"468","contagio",-2
"469","contagios",-2
"470","contagioso",-1
"471","contamina",-2
"472","contaminado",-2
"473","contaminadores",-2
"474","contaminar",-2
"475","contencioso",-2
"476","contender",-1
"477","contendiendo",-1
"478","contendiente",-1
"479","contento",3
"480","contestable",-2
"481","contradictorio",-2
"482","contratar",1
"483","convence",1
"484","convencer",1
"485","convencido",0
"486","convenido",1
"487","coño",-5
"488","corazón pesado",-2
"489","correo no deseado",-2
"490","cortar",-1
"491","corte",-1
"492","cortejar",3
"493","cortés",2
"494","Cortés",3
"495","cortesía",2
"496","cosas interesantes",3
"497","costoso",-2
"498","creativo",2
"499","creciente",1
"500","crecimiento",2
"501","crédulo",-2
"502","crimen",-3
"503","criminal",-3
"504","criminales",-3
"505","crisis",-3
"506","critica",-2
"507","crítica",-2
"508","criticado",-2
"509","criticar",-2
"510","crítico",-2
"511","críticos",-2
"512","cruel",-3
"513","crueldad",-3
"514","cubrir",-3
"515","cuchara",3
"516","cuchillada",-2
"517","cuestionable",-2
"518","cuestionado",-2
"519","cuidado",2
"520","cuidados",2
"521","cuidadosamente",2
"522","cuidadoso",2
"523","culo",-4
"524","culpa",-3
"525","culpable",-3
"526","culpada",-2
"527","culpando",-2
"528","Cumple",2
"529","cumplido",2
"530","cumplir",2
"531","curioso",0
"532","da la bienvenida",2
"533","dañar",-3
"534","daño",-2
"535","daños",-2
"536","daños y perjuicios",-3
"537","de acuerdo",1
"538","de buen tono",3
"539","de confianza",2
"540","de miedo",-2
"541","de mierda",-3
"542","de poco mérito",-2
"543","débil",-2
"544","débiles",-2
"545","debilidad",-2
"546","debilitante",-2
"547","decepción",-2
"548","decepciona",-2
"549","decepcionado",-2
"550","decepcionante",-2
"551","decepcionar",-2
"552","decepciones",-2
"553","decir ah",2
"554","decisivo",1
"555","dedicado",2
"556","defecto",-2
"557","defectos",-3
"558","defensor",2
"559","defensores",2
"560","déficit",-2
"561","defraudador",-4
"562","defraudadores",-4
"563","degradado",-2
"564","degradar",-2
"565","dejar",-1
"566","dejecting",-2
"567","dejects",-2
"568","delanteros",-2
"569","deleitando",3
"570","deleite",3
"571","delicado",-3
"572","delicias",3
"573","delincuente",-2
"574","delito",-3
"575","delitos",-3
"576","demanda",-1
"577","demanda judicial",-2
"578","demandar",-2
"579","demandas",-2
"580","demostración",-1
"581","denuncia",-2
"582","denunciar",-2
"583","deprimente",-2
"584","Deprimido",-2
"585","Derecho",1
"586","Deriding",-2
"587","derrotado",-2
"588","desacreditada",-2
"589","desafiante",-1
"590","desagradable",-3
"591","desairado",-2
"592","desaire",-2
"593","desaires",-2
"594","desalojo",-1
"595","desanimado",-2
"596","desaparece",-1
"597","desaparecer",-1
"598","desaparecido",-2
"599","desasosiego",-2
"600","desastre",-2
"601","desastres",-2
"602","desastroso",-3
"603","desatiende",-2
"604","descalificado",-2
"605","descarrila",-2
"606","descarrilado",-2
"607","descartado",-1
"608","descarte",-1
"609","descartes",-1
"610","desconcertado",-2
"611","desconectado",-1
"612","desconfiado",-3
"613","desconfianza",-3
"614","desconsiderado",-2
"615","desconsolado",-2
"616","desconsuelo",-2
"617","descontento",-2
"618","descorazonado",-2
"619","descuento",-1
"620","descuidado",-2
"621","descuido",-2
"622","desdén",-2
"623","desdeñosamente",-2
"624","desdeñoso",-2
"625","deseable",2
"626","deseado",2
"627","deseando",1
"628","desempleo",-2
"629","desenfocado",-2
"630","deseo",1
"631","deseos",1
"632","deseoso",2
"633","desesperación",-2
"634","desesperaciones",-3
"635","desesperadamente",-3
"636","desesperado",-3
"637","desestimación",-1
"638","desestructurado",-2
"639","desfases",-2
"640","desgracia",-2
"641","deshecho",-1
"642","deshonesto",-2
"643","deshumaniza",-2
"644","deshumanizado",-2
"645","deshumanizante",-2
"646","deshumanizar",-2
"647","desigual",-1
"648","desilusionado",-2
"649","desinformación",-2
"650","desmoralizado",-2
"651","desmotivado",-2
"652","desorientado",-2
"653","despectivo",-2
"654","despedido",-2
"655","despejado",1
"656","desperdicios",-2
"657","despistados",-2
"658","despotricar",-3
"659","desprecio",-2
"660","despreocupado",0
"661","destellos",3
"662","desterrar",-1
"663","destrozada",-2
"664","destrucción",-3
"665","destructivo",-3
"666","destruido",-3
"667","destruir",-3
"668","destruye",-3
"669","destruyendo",-3
"670","desventaja",-2
"671","desventurado",-2
"672","detención",-2
"673","detenciones",-2
"674","detener",-2
"675","detenido",-2
"676","determinado",2
"677","detestado",-3
"678","detestar",-3
"679","deuda",-2
"680","devastado",-2
"681","devastador",-2
"682","devastar",-2
"683","devoto",3
"684","diamante",1
"685","difamatorio",-2
"686","difícil",-1
"687","difiriendo",-1
"688","digno",2
"689","dilema",-1
"690","Dios",1
"691","dipshit",-3
"692","dirección correcta",3
"693","discordia",-2
"694","disculpa",-1
"695","disculpó",-1
"696","disfraces",-1
"697","disfraz",-1
"698","disfrazado",-1
"699","disfruta",2
"700","disfrutando",2
"701","disfrutar",2
"702","disfunción",-2
"703","disgustado",-2
"704","disgusto",-2
"705","disinclined",-2
"706","disparar",-1
"707","disparates",-2
"708","disparo",-2
"709","disputa",-2
"710","disputando",-2
"711","disputas",-2
"712","disrespected",-2
"713","disruptivo",-2
"714","distorsiona",-2
"715","distorsionado",-2
"716","distorsionar",-2
"717","distorsionista",-2
"718","distracción",-2
"719","distrae",-2
"720","distraer",-2
"721","distraído",-2
"722","disturbios",-2
"723","diversión",3
"724","diversiones",3
"725","divertidísimo",2
"726","divertido",4
"727","dolor",-2
"728","dolorido",-2
"729","doloroso",-2
"730","ducha",-3
"731","duda",-1
"732","dudado",-1
"733","dudas",-1
"734","dudoso",-2
"735","duele",-2
"736","dulce",2
"737","duro",-2
"738","echar a perder",-2
"739","eficaz",2
"740","eficazmente",2
"741","egoísmo",-3
"742","egoísta",-3
"743","ejecuciones",-2
"744","el alivio",2
"745","el corazón roto",-3
"746","elación",3
"747","elegante",2
"748","elogiado",2
"749","elogiar",2
"750","embaraza",-2
"751","embarazoso",-2
"752","embaucar",-2
"753","embellecer",3
"754","emergencia",-2
"755","emoción",3
"756","emocionado",2
"757","emocionante",3
"758","empalaga;",-3
"759","empático",2
"760","empeora",-3
"761","empeorado",-3
"762","empeoramiento",-3
"763","empeorar",-3
"764","empequeñecer",-2
"765","empollando",-2
"766","emprendedor",1
"767","en mal estado",-2
"768","encalar",-3
"769","encantada",2
"770","Encantado",3
"771","encantador",3
"772","encantados",5
"773","encanto",3
"774","encarcelado",-2
"775","enconado",-2
"776","endosado",2
"777","endosar",2
"778","enemigo",-2
"779","enemigos",-2
"780","energético",2
"781","enérgico",2
"782","enfado",-3
"783","enfermedad",-2
"784","enfermedades",-2
"785","enfermo",-2
"786","enfermos",-2
"787","enfocado",2
"788","enfurece",-2
"789","Enfurecedora",-2
"790","enfurecer",-2
"791","enfurecido",-2
"792","engancha",1
"793","engaña",-3
"794","engañado",-2
"795","engañar",-3
"796","engaño",-3
"797","engañoso",-3
"798","engreído",-2
"799","enhorabuena",2
"800","enjuicia",-1
"801","enjuiciamiento",-1
"802","enjuiciar",-1
"803","enloquecedor",-3
"804","enojado",-3
"805","enorme",1
"806","enragés",-2
"807","ensordecedor",-1
"808","entender mal",-2
"809","entiende mal",-2
"810","entretener",3
"811","entretenido",2
"812","entristecer",-2
"813","entristecido",-2
"814","entumecido",-1
"815","entusiasta",3
"816","envenenado",-2
"817","envidia",-1
"818","envidias",-1
"819","envidioso",-2
"820","envío de correo basura",-2
"821","equivocado",-2
"822","erróneo",-2
"823","error",-2
"824","Error",-2
"825","errores",-2
"826","erupción",-2
"827","es una pena",-2
"828","escalofriante",-1
"829","escándalo",-3
"830","escándalos",-3
"831","escandaloso",-3
"832","escapa",-1
"833","escapar",-1
"834","escasez",-2
"835","escepticismo",-2
"836","escéptico",-2
"837","escépticos",-2
"838","esclarecedor",2
"839","esclavitud",-3
"840","esclaviza",-2
"841","esclavizado",-2
"842","esclavizar",-2
"843","esconder",-1
"844","escondido",-1
"845","escoria",-4
"846","esmeradamente",2
"847","espalda",1
"848","espantado",-2
"849","especulativo",-2
"850","Espera",-1
"851","esperado",-1
"852","esperando",2
"853","esperanza",2
"854","esperanzado",2
"855","esperanzas",2
"856","esperar",-1
"857","espinoso",-2
"858","espíritu",1
"859","espléndido",3
"860","espumoso",3
"861","está de acuerdo",1
"862","está de duelo",-2
"863","estable",2
"864","establecido",1
"865","estafa",-2
"866","estafas",-2
"867","estampida",-2
"868","estancado",-2
"869","estancamiento",-2
"870","estar al acecho",-1
"871","estereotipo",-2
"872","esteriotipado",-2
"873","estimado",2
"874","estimula",1
"875","estimulado",1
"876","estimulante",2
"877","estimular",1
"878","estragos",-2
"879","estrangulado",-2
"880","estranguladores",-2
"881","estresado",-2
"882","estresor",-2
"883","estupendo",4
"884","estúpidamente",-2
"885","estúpido",-2
"886","Estúpido",-4
"887","ético",2
"888","euforia",3
"889","eufórico",4
"890","evita",-1
"891","Evita",-1
"892","evitado",-1
"893","evitar",-1
"894","exagera",-2
"895","exageración",-2
"896","exageraciones",-2
"897","exagerado",-2
"898","exagerando",-2
"899","exagerar",-2
"900","exaltado",3
"901","exasperada",2
"902","exasperante",-2
"903","excelencia",3
"904","excelente",3
"905","excepcional",5
"906","exceso de peso",-1
"907","excitar",3
"908","excluidos",-2
"909","excluir",-1
"910","exclusión",-1
"911","exclusivo",2
"912","excusa",-1
"913","exhaustivo",2
"914","exigente",-1
"915","exigido",-1
"916","eximir",-1
"917","éxito",2
"918","éxito de taquilla",3
"919","exitoso",3
"920","exonera",2
"921","exonerado",2
"922","exonerando",2
"923","exonerar",2
"924","expande",1
"925","expandir",1
"926","exploits",-2
"927","exploración",1
"928","exploraciones",1
"929","explotado",-2
"930","explotando",-2
"931","explotar",-2
"932","expone",-1
"933","exponer",-1
"934","exposición",-1
"935","expuesto",-1
"936","expulsa",-2
"937","expulsado",-2
"938","expulsando",-2
"939","expulsar",-2
"940","extasiar",3
"941","éxtasis",2
"942","extático",4
"943","extrañamente",-1
"944","extraño",-2
"945","exuberante",4
"946","exultante",3
"947","fabuloso",4
"948","fácil",1
"949","facilitar",2
"950","factores de estrés",-2
"951","faggots",-3
"952","falla",-2
"953","fallar",-2
"954","falsificación",-3
"955","falsificaciones",-3
"956","falsificado",-3
"957","falsificar",-3
"958","falso",-2
"959","falta de respeto",-2
"960","fama",1
"961","famélico",-2
"962","fanático",-2
"963","fanáticos",-2
"964","fantasma",-1
"965","fantástico",4
"966","farsa",-2
"967","fascina",3
"968","fascinado",3
"969","fascinante",3
"970","fascinar",3
"971","fascista",-2
"972","fascistas",-2
"973","fastidioso",-2
"974","fatalidad",-3
"975","fatiga",-2
"976","fatigado",-2
"977","fatigas",-2
"978","fatigoso",-2
"979","favor",2
"980","favorecido",2
"981","favores",2
"982","favorito",2
"983","favoritos",2
"984","fe",1
"985","felicidad",3
"986","felicidades",2
"987","felicitaciones",2
"988","felicitar",2
"989","feliz",3
"990","feo",-3
"991","ferviente",2
"992","fervoroso",2
"993","festivo",2
"994","fiasco",-3
"995","fiel",3
"996","filtrada",-1
"997","finge",-1
"998","fingir",-1
"999","firme",2
"1000","flop",-2
"1001","fóbico",-2
"1002","follada",-4
"1003","fortalece",2
"1004","fortalecer",2
"1005","fortalecimiento",2
"1006","fortificado",2
"1007","forzado",-1
"1008","fracaso",-2
"1009","fracasos",-2
"1010","frase",-2
"1011","frases",-2
"1012","fraude",-4
"1013","fraudes",-4
"1014","fraudulento",-4
"1015","frenesí",-3
"1016","frenético",-1
"1017","Fresco",1
"1018","frikin",-2
"1019","frotis",-2
"1020","frustra",-2
"1021","frustración",-2
"1022","frustrado",-2
"1023","frustrante",-2
"1024","frustrar",-2
"1025","ftw",3
"1026","Fuckface",-4
"1027","fuckhead",-4
"1028","fucktard",-4
"1029","FUD",-3
"1030","fuego",-2
"1031","fuerte",2
"1032","fuerza",2
"1033","fuga",-1
"1034","fuked",-4
"1035","fuking",-4
"1036","fumante",-2
"1037","funeral",-1
"1038","funerales",-1
"1039","furioso",-3
"1040","furtivo",-1
"1041","fútil",2
"1042","galante",3
"1043","galantería",3
"1044","galardonado",3
"1045","gallardamente",3
"1046","gamberrismo",-2
"1047","gamberro",-2
"1048","ganado",2
"1049","ganador",4
"1050","ganancia",2
"1051","ganancias",2
"1052","ganando",2
"1053","ganar",4
"1054","garantía",1
"1055","gemía",-2
"1056","gemido",-2
"1057","gemidos",-2
"1058","generoso",2
"1059","genial",3
"1060","gilipollas",-4
"1061","glamour",3
"1062","gloria",2
"1063","glorioso",2
"1064","golpe",-2
"1065","golpeado",-1
"1066","gorrón",-2
"1067","gracia",1
"1068","gracias",2
"1069","Gracias",2
"1070","gracioso",4
"1071","grande",1
"1072","grandioso",3
"1073","granizado",2
"1074","granizo",2
"1075","gratificación",2
"1076","gratificante",2
"1077","gratis",1
"1078","grave",-2
"1079","greenwasher",-3
"1080","greenwashers",-3
"1081","gripe",-2
"1082","gris",-1
"1083","gritado",-2
"1084","gritando",-2
"1085","gritar",-2
"1086","grito",-2
"1087","guarida",-1
"1088","Guau",4
"1089","guay",1
"1090","guerra",-2
"1091","gustó",2
"1092","gustos",2
"1093","ha fallado",-2
"1094","hábil",2
"1095","habilidades",2
"1096","hacer daño",-2
"1097","hacer descarrilar",-2
"1098","hacha",-1
"1099","hackeado",-1
"1100","hahahah",3
"1101","hambre",-2
"1102","harto",-3
"1103","herir",-2
"1104","hermosa",3
"1105","hermosamente",3
"1106","héroe",2
"1107","héroes",2
"1108","heroico",3
"1109","hijo de puta",-5
"1110","Hijo de puta",-5
"1111","hijos de puta",-4
"1112","hipócrita",-2
"1113","histeria",-3
"1114","histérico",-3
"1115","histerismo",-3
"1116","homenaje",2
"1117","honesto",2
"1118","honor",2
"1119","honrado",2
"1120","hooligans",-2
"1121","horrendo",-3
"1122","horrible",-3
"1123","horrorizado",-3
"1124","hosco",-2
"1125","hostil",-2
"1126","Huelga",-1
"1127","huelgas",-1
"1128","humerous",3
"1129","humillación",-3
"1130","humillado",-3
"1131","humor",2
"1132","humorístico",2
"1133","Hurra",5
"1134","huye",-1
"1135","idiota",-3
"1136","ignora",-1
"1137","ignorado",-2
"1138","ignorancia",-2
"1139","ignorante",-2
"1140","ignorar",-1
"1141","ilegal",-3
"1142","Ilumina",2
"1143","iluminar",2
"1144","ilustrado",2
"1145","imbécil",-3
"1146","impaciente",-2
"1147","impar",-2
"1148","Imparable",2
"1149","imparcial",2
"1150","impedido",-1
"1151","imperfecto",-2
"1152","impermeable",2
"1153","implacable",-1
"1154","impone",-1
"1155","imponente",-1
"1156","imponer",-1
"1157","importancia",2
"1158","importante",2
"1159","importar",1
"1160","impotente",-2
"1161","impresiona",3
"1162","impresionado",0
"1163","impresionante",3
"1164","impresionar",3
"1165","impuesto",-1
"1166","impulsado",1
"1167","impulsar",1
"1168","inacción",-2
"1169","inaceptable",-2
"1170","inadecuado",-2
"1171","incapacidad",-2
"1172","incapacitado",-2
"1173","incapacitante",-1
"1174","incapaz",-2
"1175","incierto",-1
"1176","incómodo",-2
"1177","incompetencia",-2
"1178","incompetente",-2
"1179","incomprendido",-2
"1180","inconexo",-2
"1181","inconfirmado",-1
"1182","inconsciente",-2
"1183","inconveniencia",-2
"1184","inconveniente",-2
"1185","incorrecto",-2
"1186","incrédulo",-1
"1187","increíble",2
"1188","incrementar",1
"1189","incumplida",-2
"1190","indeciso",-2
"1191","indefenso",-2
"1192","indeseable",-2
"1193","indestructible",2
"1194","indiferencia",-2
"1195","indiferente",-2
"1196","indignación",-2
"1197","indignado",-2
"1198","indignados",-3
"1199","indigno de",-2
"1200","indulgente",1
"1201","indultos",2
"1202","ineficaz",-2
"1203","ineficazmente",-2
"1204","inestable",-2
"1205","infantil",-2
"1206","infatuación",2
"1207","infectado",-2
"1208","infeliz",-2
"1209","inferior",-2
"1210","infierno",-4
"1211","influyente",2
"1212","información errónea",-2
"1213","infortunio",-2
"1214","infracción",-2
"1215","infractor",-2
"1216","ingenuo",-2
"1217","inhibir",-1
"1218","injusticia",-2
"1219","injusto",-2
"1220","inmortal",2
"1221","inmovilizado",-1
"1222","inmune",1
"1223","innova",1
"1224","innovación",1
"1225","innovador",2
"1226","innovar",1
"1227","inquieto",-2
"1228","inquisición",-2
"1229","inquisitivo",2
"1230","insalubre",-2
"1231","insano",-2
"1232","insatisfecho",-2
"1233","inseguro",-1
"1234","insensibilidad",-2
"1235","insensible",-2
"1236","insignificante",-2
"1237","insípido",-2
"1238","insistente",-1
"1239","insomnio",-2
"1240","inspira",2
"1241","inspiración",2
"1242","inspirado",2
"1243","Inspirado",2
"1244","inspirador",3
"1245","inspirar",2
"1246","insultado",-2
"1247","insultante",-2
"1248","insulto",-2
"1249","insultos",-2
"1250","intacto",2
"1251","integridad",2
"1252","inteligente",2
"1253","intenso",1
"1254","interesado",2
"1255","interesante",2
"1256","interesar",1
"1257","intereses",1
"1258","interrogado",-2
"1259","interrogatorio",-1
"1260","interrumpido",-2
"1261","interrumpiendo",-2
"1262","interrumpir",-2
"1263","interrupción",-2
"1264","interrupciones",-2
"1265","intimida",-2
"1266","intimidación",-2
"1267","intimidante",-2
"1268","intimidar",-2
"1269","intitulado",1
"1270","intrépido",2
"1271","intrigas",1
"1272","intrincado",2
"1273","inútil",-2
"1274","inutilidad",-2
"1275","invencible",2
"1276","invitación",1
"1277","invulnerable",2
"1278","ironía",-1
"1279","irónico",-1
"1280","irracional",-1
"1281","irresistible",2
"1282","irresoluto",-2
"1283","irresponsable",2
"1284","irreversible",-1
"1285","irritado",-2
"1286","irritante",-2
"1287","irritar",-3
"1288","jackasses",-4
"1289","jactancioso",-2
"1290","jaja",3
"1291","jajaja",3
"1292","Jesús",1
"1293","jocoso",2
"1294","jovial",2
"1295","joya",1
"1296","joyas",1
"1297","jubiloso",3
"1298","juguetón",2
"1299","juicio hipotecario",-2
"1300","jura",-2
"1301","jurar",-2
"1302","justa",2
"1303","justicia",2
"1304","justificadamente",2
"1305","justificado",2
"1306","juvenil",2
"1307","kills",-3
"1308","Kinder",2
"1309","la prevención",-1
"1310","la resolución",1
"1311","la seguridad",1
"1312","ladrón",-2
"1313","lag",-2
"1314","lágrimas",-2
"1315","lamentable",-3
"1316","lamentando",-2
"1317","lamentar",-2
"1318","lánguido",-2
"1319","lanzado",1
"1320","lástima",-2
"1321","lastimoso",-2
"1322","late",-2
"1323","latoso",-2
"1324","laughting",1
"1325","lavado del cerebro",-3
"1326","lavado verde",-3
"1327","lawl",3
"1328","leal",3
"1329","lealtad",3
"1330","leer mal",-1
"1331","legal",1
"1332","legalmente",1
"1333","lento",-2
"1334","lesión",-2
"1335","lesionado",-2
"1336","letárgico",-2
"1337","letargo",-2
"1338","libertad",2
"1339","limitación",-1
"1340","limitado",-1
"1341","límites",-1
"1342","limpiador",2
"1343","limpiar",2
"1344","linda",2
"1345","lío",-2
"1346","listo",-2
"1347","litigio",-1
"1348","litigioso",-2
"1349","lívido",-2
"1350","llanto",-2
"1351","llantos",-2
"1352","llegar",1
"1353","lleno de alegría",4
"1354","lleno de savia",-1
"1355","llorado",-2
"1356","llorando",-2
"1357","llorar",-2
"1358","lluvioso",-1
"1359","lmao",4
"1360","lmfao",4
"1361","lo siento",-1
"1362","loca",-2
"1363","locamente",-3
"1364","loco",-2
"1365","locos",-3
"1366","locura",-2
"1367","Locura",-3
"1368","logra",2
"1369","lol",3
"1370","los spammers",-3
"1371","lovelies",3
"1372","lucha",-2
"1373","luchado",-2
"1374","luchando",-2
"1375","luchas",-2
"1376","lúgubre",-2
"1377","lunático",-3
"1378","luto",-2
"1379","maduro",2
"1380","magnífico",5
"1381","mal",-3
"1382","mal comportamiento",-2
"1383","mal humor",-2
"1384","mal informado",-2
"1385","maldición",-2
"1386","Maldita sea",-4
"1387","maldito",-3
"1388","malentendido",-2
"1389","males",-1
"1390","malévolo",-2
"1391","malhumorado",-2
"1392","malinterpretado",-2
"1393","malo",-3
"1394","malvado",-2
"1395","mancha",2
"1396","manifestantes",-2
"1397","manipulación",-1
"1398","manipulado",-1
"1399","maravilla",3
"1400","maravillas",3
"1401","maravilloso",4
"1402","mareado",-2
"1403","maricón",-3
"1404","más baja",-1
"1405","más brillante",2
"1406","más divertido",4
"1407","más duras",-2
"1408","más duro",-2
"1409","más fuerte",2
"1410","más inteligente",2
"1411","más loca",-2
"1412","más oscura",-2
"1413","más pobre",-2
"1414","más resistentes",2
"1415","más sucio",-2
"1416","matar",-3
"1417","matón",-2
"1418","mayor",3
"1419","me gusta",2
"1420","meando",-3
"1421","mear",-4
"1422","medalla",3
"1423","mediocridad",-3
"1424","meditativo",1
"1425","mejor",3
"1426","mejor que",2
"1427","mejora",2
"1428","mejorado",2
"1429","mejorando",2
"1430","mejorar",2
"1431","melancolía",-2
"1432","melancólico",-2
"1433","menospreciado",-2
"1434","menospreciar",-2
"1435","menosprecie",-2
"1436","mentiroso",-3
"1437","mentirosos",-3
"1438","mercachifle",-2
"1439","metódico",2
"1440","miedo",-2
"1441","miedoso",2
"1442","mierda",-4
"1443","Mierda",-4
"1444","milagro",4
"1445","minado",-2
"1446","minando",-2
"1447","mintió",-2
"1448","miope",-2
"1449","miopía",-2
"1450","mirthfully",3
"1451","miserable",-3
"1452","miseria",-2
"1453","misericordia",2
"1454","misterioso",-2
"1455","mito",-1
"1456","moda",-2
"1457","molesta",-2
"1458","molestado",-2
"1459","molestar",-2
"1460","molestia",-2
"1461","molesto",-4
"1462","mongering",-2
"1463","monopoliza",-2
"1464","monopolizado",-2
"1465","monopolizar",-2
"1466","moping",-1
"1467","mordaz",-3
"1468","mordaza",-2
"1469","morir",-3
"1470","morir de hambre",-2
"1471","motivación",1
"1472","motivado",2
"1473","motivador",2
"1474","motivar",1
"1475","muere de hambre",-2
"1476","muerte",-2
"1477","muerto",-3
"1478","multa",2
"1479","muriendo de hambre",-2
"1480","murió",-3
"1481","musaraña",-4
"1482","n00b",-2
"1483","natural",1
"1484","necesitado",-2
"1485","negado",-2
"1486","negador",-2
"1487","negadores",-2
"1488","negando",-2
"1489","negándose",-2
"1490","negar",-2
"1491","negatividad",-2
"1492","negativo",-2
"1493","negligencia",-2
"1494","negligencias",-2
"1495","negociar",2
"1496","negrita",2
"1497","negro",-5
"1498","nervios",-1
"1499","nerviosamente",-2
"1500","nervioso",-2
"1501","niebla tóxica",-2
"1502","niega",-2
"1503","Niggas",-5
"1504","no",-1
"1505","no amable",-2
"1506","no aprobado",-2
"1507","no creer",-2
"1508","no deseado",-2
"1509","no es divertido",-3
"1510","no está bien",-2
"1511","no funciona",-3
"1512","no profesional",-2
"1513","no puede soportar",-3
"1514","no sofisticado",-2
"1515","no te gusta",-2
"1516","noble",2
"1517","nostálgico",-2
"1518","notable",2
"1519","notorio",-2
"1520","novato",-2
"1521","novela",2
"1522","nubes",-2
"1523","nublada",-1
"1524","nueces",-3
"1525","objeto de dumping",-2
"1526","obligado",1
"1527","obligatorio",-1
"1528","obliterado",-2
"1529","obliterar",-2
"1530","obra maestra",4
"1531","obras maestras",4
"1532","obsceno",-2
"1533","obsesionado",0
"1534","obsesionante",1
"1535","obsoleto",-2
"1536","obstáculo",-2
"1537","obstáculos",-2
"1538","obstinado",-2
"1539","obstruido",-1
"1540","ocultación",-1
"1541","odiado",-3
"1542","odiando",-3
"1543","odio",-3
"1544","odios",-3
"1545","ofende",-2
"1546","ofender",-2
"1547","ofendido",-2
"1548","oferta",2
"1549","Ojalá",2
"1550","OKS",2
"1551","olvidadizo",-2
"1552","olvidado",-1
"1553","olvidar",-1
"1554","ominoso",3
"1555","oportunidad",2
"1556","oportunidades",2
"1557","opresivo",-2
"1558","oprimidos",-2
"1559","optimismo",2
"1560","optimista",2
"1561","optionless",-2
"1562","ora",1
"1563","orar",1
"1564","orgullo",2
"1565","orgulloso",2
"1566","oscuridad",-1
"1567","outmaneuvered",-2
"1568","overreacted",-2
"1569","overselling",-2
"1570","oversells",-2
"1571","oxímoron",-1
"1572","pacífico",2
"1573","paga",-1
"1574","pagado",2
"1575","paja",-2
"1576","paliza",-1
"1577","pánico",-3
"1578","pánicos",-3
"1579","parada",-1
"1580","paradas",-1
"1581","paradoja",-1
"1582","paraíso",3
"1583","parcial",-2
"1584","parcialidad",-1
"1585","pardoning",2
"1586","parlamentar",-1
"1587","parodia",-2
"1588","paros",-2
"1589","parte superior",2
"1590","partidarios",1
"1591","pasado",-1
"1592","pasado por alto",-1
"1593","pasivamente",-1
"1594","pasivo",-1
"1595","pasmosamente",3
"1596","patético",-2
"1597","pavor",-2
"1598","paz",2
"1599","pecaminoso",-3
"1600","pedir disculpas",-1
"1601","peligro",-2
"1602","pena",-2
"1603","penetración",3
"1604","pensativo",0
"1605","peor",-3
"1606","perdedor",-3
"1607","perder",-2
"1608","pérdida",-3
"1609","perdido",-2
"1610","perdiendo",-3
"1611","perdió",-3
"1612","perdón",2
"1613","perdonado",2
"1614","perdonar",1
"1615","perezoso",-1
"1616","perfecciona",2
"1617","perfeccionado",2
"1618","perfectamente",3
"1619","Perfecto",3
"1620","perjudicado",-2
"1621","perjudicial",-2
"1622","perjurio",-3
"1623","permitir",1
"1624","perplejo",-2
"1625","perra",-5
"1626","perras",-5
"1627","perseguidos",-2
"1628","perseguir",-2
"1629","persigue",-2
"1630","perspectiva",1
"1631","perspectivas",1
"1632","perturba",-2
"1633","perturbado",-2
"1634","perturbador",-2
"1635","pesimismo",-2
"1636","pesimista",-2
"1637","pésimo",-2
"1638","petrificado",-2
"1639","picado",-2
"1640","picante",-2
"1641","pierde",-3
"1642","pinchazo",-5
"1643","pintoresco",2
"1644","piqué",-2
"1645","pistola",-1
"1646","Placer",3
"1647","pobre",-2
"1648","pobreza",-1
"1649","poco claro",-1
"1650","poco ético",-2
"1651","poderoso",2
"1652","polémica",-2
"1653","polémico",-2
"1654","polla",-4
"1655","popular",3
"1656","Por favor",1
"1657","por suerte",3
"1658","porta mal",-2
"1659","portado mal",-2
"1660","portarse mal",-2
"1661","posesivo",-2
"1662","posibilidades",2
"1663","positivo",2
"1664","pospone",-1
"1665","posponer",-1
"1666","posponiendo",-1
"1667","pospuesto",-1
"1668","prblm",-2
"1669","prblms",-2
"1670","pregonan",-2
"1671","premio",3
"1672","premios",3
"1673","preocupación",-3
"1674","preocupado",-2
"1675","preocupante",-3
"1676","preparado",1
"1677","presar",-2
"1678","presión",-1
"1679","presionados",-2
"1680","prestigio",3
"1681","pretendiendo",-1
"1682","prevenido",-2
"1683","previene",-1
"1684","prisión",-2
"1685","prisionero",-2
"1686","prisioneros",-2
"1687","privación",-2
"1688","privar",-2
"1689","privilegiado",2
"1690","proactivo",2
"1691","problema",-2
"1692","problemas",-2
"1693","procesado",-2
"1694","Progreso",2
"1695","prohibición",-2
"1696","prohibido",-2
"1697","promesa",1
"1698","promesas",1
"1699","prometido",1
"1700","prominente",2
"1701","promocionado",-2
"1702","promover",1
"1703","promovido",1
"1704","promoviendo",1
"1705","promueve",1
"1706","propaganda",-2
"1707","próspero",3
"1708","protege",1
"1709","proteger",1
"1710","protegido",1
"1711","protesta",-2
"1712","protestar",-2
"1713","protestas",-2
"1714","provoca",-1
"1715","provocado",-1
"1716","provocador",-1
"1717","provocar",-1
"1718","pseudociencia",-3
"1719","puesto",-2
"1720","punitivo",-2
"1721","punto de referencia",2
"1722","punto muerto",-2
"1723","puñalada",-2
"1724","puñaladas",-2
"1725","pusilánime",-2
"1726","puta",-4
"1727","puto",-5
"1728","que cae",-1
"1729","quejado",-2
"1730","quejar",-2
"1731","querer",1
"1732","querido",2
"1733","rabia",-2
"1734","rabioso",-2
"1735","ración",2
"1736","racismo",-3
"1737","racista",-3
"1738","racistas",-3
"1739","ranter",-3
"1740","ranters",-3
"1741","rantes",-3
"1742","rápidamente",2
"1743","rápido",2
"1744","raptados",2
"1745","rapto",2
"1746","Rasgado",-2
"1747","ratificado",2
"1748","realce",2
"1749","realizable",1
"1750","realizar",2
"1751","reanimar",2
"1752","rebelión",-2
"1753","recelo",-2
"1754","recesión",-2
"1755","rechaza",-1
"1756","rechazado",-2
"1757","rechazando",-1
"1758","rechazar",-1
"1759","recomendado",2
"1760","recomendar",2
"1761","recomienda",2
"1762","recompensa",2
"1763","recompensado",2
"1764","recompensas",2
"1765","recortado",-2
"1766","recortes",-1
"1767","redimido",2
"1768","refugios",-1
"1769","regalo",2
"1770","regaño",-2
"1771","regate",-2
"1772","regocija",4
"1773","regocijado",4
"1774","reivindica",2
"1775","reivindicando",2
"1776","relajado",2
"1777","relieves",1
"1778","remordimiento",-2
"1779","renuncia",-1
"1780","renunciar",-1
"1781","Renunciar",-1
"1782","repelido",-2
"1783","rescatada",2
"1784","rescate",0
"1785","rescates",2
"1786","resentido",-2
"1787","residuos",-1
"1788","resignado",-1
"1789","resistente",2
"1790","resolver",2
"1791","respalda",2
"1792","Respaldados",1
"1793","respetado",2
"1794","responsable",2
"1795","restauración",1
"1796","restauraciones",1
"1797","restaurada",1
"1798","restaurar",1
"1799","restos",-2
"1800","restricción",-2
"1801","restringe",-2
"1802","restringido",-2
"1803","restringiendo",-2
"1804","restringir",-2
"1805","resuelto",2
"1806","resuelve",2
"1807","retardar",-2
"1808","retenido",-1
"1809","retirada",-2
"1810","reto",-1
"1811","retozón",2
"1812","retrasado",-2
"1813","retrasar",-1
"1814","retraso",-1
"1815","revendedor",-2
"1816","revendedores",-2
"1817","reverenciado",2
"1818","revive",2
"1819","rezagado",-2
"1820","rezar",1
"1821","rico",2
"1822","Rico",2
"1823","ridiculiza",-2
"1824","ridiculizado",-2
"1825","ridiculizar",-2
"1826","ridículo",-3
"1827","riesgo",-2
"1828","riesgos",-2
"1829","rigurosamente",3
"1830","riguroso",3
"1831","riqueza",3
"1832","risa",1
"1833","risas",1
"1834","robado",-2
"1835","robar",-2
"1836","robing",-2
"1837","robos",-2
"1838","robs",-2
"1839","robusto",2
"1840","rofl",4
"1841","roflcopter",4
"1842","roflmao",4
"1843","romance",2
"1844","rompió",-1
"1845","rotfl",4
"1846","rotflmfao",4
"1847","ROTFLOL",4
"1848","roto",-1
"1849","rudo",-3
"1850","ruidoso",-1
"1851","ruina",-2
"1852","ruptura",-2
"1853","saboreando",2
"1854","sabotaje",-2
"1855","sabroso",3
"1856","saliente",1
"1857","saluda",1
"1858","saludable",2
"1859","saludado",1
"1860","saludar",1
"1861","saludo",1
"1862","saludos",2
"1863","salvado",2
"1864","salvador de la vida",4
"1865","salvar",2
"1866","sangriento",-3
"1867","sarcástico",-2
"1868","satisfecho",2
"1869","se ahoga",-2
"1870","se avecina",-1
"1871","se compromete",1
"1872","se degrada",-2
"1873","se disculpa",-1
"1874","se esconde",-1
"1875","se extiende",1
"1876","se queja",-2
"1877","Se rió",1
"1878","secuestrado",-2
"1879","secuestro",-2
"1880","secuestros",-2
"1881","secundario",1
"1882","sedición",-2
"1883","sedicioso",-2
"1884","seducir",-1
"1885","seguidor",1
"1886","seguro",2
"1887","seguro de sí mismo",2
"1888","sensación",1
"1889","sensible",2
"1890","sentencia",-2
"1891","sentido",3
"1892","separado",-1
"1893","sereno",2
"1894","serio",2
"1895","servicial",2
"1896","sexy",3
"1897","shamed",-2
"1898","sí",1
"1899","significado",1
"1900","significativo",2
"1901","silenciamiento",-1
"1902","simpatía",2
"1903","simpático",2
"1904","simplificada",-2
"1905","simplificar demasiado",-2
"1906","sin acreditar",-1
"1907","sin amor",-2
"1908","sin ánimo",-2
"1909","sin apoyo",-2
"1910","sin dientes",-2
"1911","sin encanto",-3
"1912","sin esperanza",-2
"1913","sin garantía",-2
"1914","sin igual",2
"1915","sin inteligencia",-2
"1916","sin par",1
"1917","sin peligro",1
"1918","sin sentido",-2
"1919","sin tacha",2
"1920","sin valor",-2
"1921","sincera",2
"1922","sinceramente",2
"1923","sinceridad",2
"1924","sincero",2
"1925","singleminded",-2
"1926","slickest",2
"1927","Smiled",2
"1928","snubbing",-2
"1929","soborno",-3
"1930","sobrecarga",-1
"1931","sobrecargar",-2
"1932","sobrereacciona",-2
"1933","sobrereaccionar",-2
"1934","sobrerreacción",-2
"1935","sobresimplifica",-2
"1936","sobresimplificación",-2
"1937","sobreviviente",2
"1938","sobrevivió",2
"1939","socava",-2
"1940","socavar",-2
"1941","sofisticado",2
"1942","sofocado",-1
"1943","sol",2
"1944","solemne",-1
"1945","solidaridad",2
"1946","sólido",2
"1947","solitario",-2
"1948","solo",-2
"1949","soltar",-1
"1950","solución",1
"1951","soluciones",1
"1952","sombrío",-2
"1953","sonreír",2
"1954","sonriente",2
"1955","sonrisas",2
"1956","soportado",2
"1957","soportes",2
"1958","sorprende",2
"1959","sorprendido",-2
"1960","sosegado",2
"1961","sospecha",-1
"1962","sospechando",-1
"1963","sospechar",-1
"1964","sospechosos",-1
"1965","spammer",-3
"1966","squelched",-1
"1967","subestimaciones",-1
"1968","subestimado",-1
"1969","subestimar",-1
"1970","subsidios",1
"1971","subversivo",-2
"1972","suciedad",-2
"1973","sucio",-2
"1974","suelto",-3
"1975","sueño",1
"1976","Sueños",1
"1977","suerte",3
"1978","suficiente",-2
"1979","sufre",-2
"1980","sufrimiento",-2
"1981","sufrir",-2
"1982","suicida",-2
"1983","suicidio",-2
"1984","súper",3
"1985","superar a",2
"1986","superior",2
"1987","suspender",-1
"1988","suspendido",-1
"1989","suspicaz",-2
"1990","suspiro",-2
"1991","sustancial",1
"1992","sustancialmente",1
"1993","susto",-2
"1994","tacaño",-2
"1995","tapas",2
"1996","tard",-2
"1997","tedio",-2
"1998","telar",-1
"1999","telares",-1
"2000","temblante",-2
"2001","temblor",-2
"2002","tembloroso",-2
"2003","temerario",0
"2004","temeroso",-2
"2005","temible",-2
"2006","temido",-2
"2007","temiendo",-2
"2008","temperamental",-1
"2009","tensión",-1
"2010","tenso",-2
"2011","tergiversación",-2
"2012","terrible",-3
"2013","terriblemente",-3
"2014","terror",-3
"2015","tesoro",2
"2016","tesoros",2
"2017","tetas",-2
"2018","tiempo",-2
"2019","tímido",-2
"2020","timorato",-2
"2021","tipo",2
"2022","tolerante",2
"2023","toma de posesión",-2
"2024","tonto",-2
"2025","tontos",-2
"2026","torpe",-2
"2027","tortura",-4
"2028","torturado",-4
"2029","torturas",-4
"2030","totalitario",-2
"2031","totalitarismo",-2
"2032","tragedia",-2
"2033","trágico",-2
"2034","tragona",-5
"2035","traición",-3
"2036","traiciona",-3
"2037","traicionado",-3
"2038","traicionar",-3
"2039","traicionero",-3
"2040","tramado",-2
"2041","trampa",-1
"2042","tramposo",-3
"2043","tramposos",-3
"2044","tranquiliza",1
"2045","tranquilizado",1
"2046","tranquilizador",2
"2047","tranquilizar",1
"2048","tranquilo",2
"2049","trapacero",-3
"2050","trastornado",-2
"2051","trastornador",-2
"2052","trastorno",-2
"2053","trastornos",-2
"2054","trauma",-3
"2055","traumático",-3
"2056","travesura",-1
"2057","treasonous",-3
"2058","trémulo",-2
"2059","triste",-2
"2060","tristemente",-2
"2061","triunfante",4
"2062","triunfo",4
"2063","tugurio",-1
"2064","tumba",-2
"2065","tumor",-2
"2066","túnica",-2
"2067","una vez en la vida",3
"2068","unido",1
"2069","unificada",1
"2070","unirse",1
"2071","unresearched",-2
"2072","urgente",-1
"2073","útil",2
"2074","utilidad",2
"2075","vacilante",-2
"2076","vacilar",-2
"2077","vacío",-1
"2078","vago",-2
"2079","valida",1
"2080","validado",1
"2081","validar",1
"2082","valiente",2
"2083","valientemente",2
"2084","valor",2
"2085","vano",-2
"2086","vejación",-2
"2087","vencido",-2
"2088","veneno",-2
"2089","venenos",-2
"2090","venganza",-2
"2091","vengativo",-2
"2092","ventaja",2
"2093","ventajas",2
"2094","ventilador",3
"2095","veredicto",-1
"2096","veredictos",-1
"2097","vergonzoso",-2
"2098","vergüenza",-2
"2099","vestíbulo",-2
"2100","vibrante",3
"2101","vicioso",-2
"2102","víctima",-2
"2103","víctimas",-3
"2104","víctimas mortales",-3
"2105","victimiza",-3
"2106","victimizadora",-3
"2107","victimizar",-3
"2108","victorias",4
"2109","victorioso",4
"2110","vigilante",3
"2111","vil",-3
"2112","vindicado",2
"2113","vindicar",2
"2114","viola",-2
"2115","violación",-4
"2116","violado",-2
"2117","violador",-4
"2118","violar",-2
"2119","violencia",-3
"2120","violento",-3
"2121","virtuoso",2
"2122","virulento",-2
"2123","visión",1
"2124","visionario",3
"2125","visiones",1
"2126","vitalidad",3
"2127","vitamina",1
"2128","vitriólico",-3
"2129","viudo",-1
"2130","viva",1
"2131","vivaz",3
"2132","vociferante",-1
"2133","vulnerabilidad",-2
"2134","vulnerable",-2
"2135","WINWIN",3
"2136","won",3
"2137","woohoo",3
"2138","wooo",4
"2139","woow",4
"2140","wOWOW",4
"2141","wowww",4
"2142","wtf",-4
"2143","yeees",2
